name,id
Acidianus ambivalens,2283
Acidianus ambivalens (Zillig and Bock 1987) Fuchs et al. 1996,2283
CIP 104912,2283
Desulfurolobus ambivalens,2283
Desulfurolobus ambivalens Zillig and Bock 1987,2283
DSM 3772,2283
JCM 9191,2283
strain Lei 10,2283
Sulfolobus ambivalens,2283
Acidianus brierleyi,41673
Acidianus brierleyi (Zillig et al. 1980) Segerer et al. 1986,41673
DSM 1651,41673
IFO 15269,41673
JCM 8954,41673
NBRC 15269,41673
Sulfolobus brierleyi,41673
Sulfolobus brierleyi Zillig et al. 1980,41673
Acidianus infernus,12915
Acidianus infernus Segerer et al. 1986,12915
DSM 3191,12915
IFO 15270,12915
JCM 8955,12915
NBRC 15270,12915
strain So4a,12915
Acidianus tengchongenses,146920
Acidianus sp. S5,146920
"""Acidianus tengchongenses"" He et al. 2001",146920
"""Acidianus tengchongensis"" He et al. 2004",146920
Acidianus tengchongensis,146920
strain S5,146920
"""Sulfosphaerellus thermoacidophilum"" in He et al. 2001",146920
Sulfosphaerellus thermoacidophilum,146920
Aeropyrum pernix,56636
Aeropyrum pernix Sako et al. 1996,56636
ATCC 700893,56636
DSM 11879,56636
JCM 9820,56636
NBRC 100138,56636
strain K1,56636
Aeropyrum pernix K1,272557
Aeropyrum pernix strain K1,272557
Aeropyrum pernix str. K1,272557
Archaeoglobus fulgidus,2234
Archaeoglobus fulgidus Stetter 1988,2234
ATCC 49558,2234
DSM 4304,2234
JCM 9628,2234
NBRC 100126,2234
strain VC-16,2234
Archaeoglobus fulgidus DSM 8774,1344584
Archaeoglobus fulgidus DSM 4304,224325
Archaeoglobus fulgidus strain DSM 4304,224325
Archaeoglobus fulgidus str. DSM 4304,224325
Archaeoglobus fulgidus VC-16,224325
Archaeoglobus profundus,84156
Archaeoglobus profundus Burggraf et al. 1990,84156
DSM 5631,84156
JCM 9629,84156
NBRC 100127,84156
strain AV18,84156
Archaeoglobus profundus DSM 5631,572546
Archaeoglobus profundus strain DSM 5631,572546
Archaeoglobus profundus str. DSM 5631,572546
Caldococcus noboribetus,57174
"""Caldococcus noboribetus"" Aoshima et al. 1996",57174
hyperthermophilic archaebacterium NC12,57174
Candidatus Methanoregula boonei 6A8,456442
methanogenic archaeon 6A8,456442
Methanoregula boonei 6A8,456442
Methanoregula boonei str. 6A8,456442
Methanoregula boonei strain 6A8,456442
Cenarchaeum symbiosum,46770
Candidatus Cenarchaeum symbiosum,46770
"""Cenarchaeum symbiosum"" DeLong and Preston 1996",46770
Cenarchaeum symbiosum B,414005
Desulfurococcus amylolyticus,94694
culture-collection:VKM:B:2413 [[Desulfurococcus kamchatkensis]],94694
culture-collection:VKM:V:2316 [[Desulfurococcus fermentans]],94694
Desulfurococcus amylolyticus Bonch-Osmolovskaya et al. 2001 emend. Perevalova et al. 2016,94694
Desulfurococcus fermentans Perevalova et al. 2005,94694
Desulfurococcus fermentans,94694
Desulfurococcus kamchatkensis Kublanov et al. 2009,94694
Desulfurococcus kamchatkensis,94694
DSM 16532 [[Desulfurococcus fermentans]],94694
DSM 18924 [[Desulfurococcus kamchatkensis]],94694
DSM 3822,94694
JCM 13383 [[Desulfurococcus fermentans]],94694
JCM 16383 [[Desulfurococcus kamchatkensis]],94694
JCM 9188,94694
strain 1221n [[Desulfurococcus kamchatkensis]],94694
strain Z-1312 [[Desulfurococcus fermentans]],94694
strain Z-533,94694
VKM B-2413 [[Desulfurococcus kamchatkensis]],94694
VKM V-2316 [[Desulfurococcus fermentans]],94694
Desulfurococcus amylolyticus JCM 9188,1150674
Desulfurococcus amylolyticus strain Z-533,1150674
Desulfurococcus amylolyticus str. Z-533,1150674
Desulfurococcus amylolyticus Z-533,1150674
Desulfurococcus mucosus,2275
ATCC 35582 [[Desulfurococcus mobilis]],2275
ATCC 35584,2275
Desulfurococcus mobilis,2275
Desulfurococcus mobilis Zillig and Stetter 1983,2275
Desulfurococcus mucosus Zillig and Stetter 1983 emend. Perevalova et al. 2016,2275
DSM 2161 [[Desulfurococcus mobilis]],2275
DSM 2162,2275
JCM 9186 [[Desulfurococcus mobilis]],2275
JCM 9187,2275
Desulfurococcus mucosus DSM 2162,765177
Desulfurococcus mucosus JCM 9187,765177
Desulfurococcus mucosus strain DSM 2162,765177
Desulfurococcus mucosus str. DSM 2162,765177
Desulfurococcus sp. SY,59822
Desulfurococcus sp. (strain SY),59822
Ferroplasma acidiphilum,74969
DSM 12658,74969
Ferromonas metallovorans,74969
Ferroplasma acidiphilum Golyshina et al. 2000,74969
JCM 10970,74969
Haloarcula aidinensis,56545
AS 1.2042,56545
"""Haloarcula aidinensis"" Zhou et al. 1994",56545
strain A5,56545
Haloarcula argentinensis,43776
ATCC 700875,43776
CIP 105173,43776
DSM 12282,43776
Haloarcula argentinensis Ihara et al. 1997,43776
JCM 9737,43776
strain arg-1,43776
Haloarcula argentinensis arg-1,1230451
Haloarcula argentinensis DSM 12282,1230451
Haloarcula argentinensis JCM 9737,1230451
Haloarcula argentinos (Haloarcula strain ARG-1),1230451
Haloarcula strain ARG-1,1230451
Haloarcula californiae,244363
ATCC 33799,244363
"""Haloarcula californiae"" Torreblanca et al. 1985",244363
strain BJGN-2,244363
Haloarcula californiae ATCC 33799,662475
Haloarcula californiae strain ATCC 33799,662475
Haloarcula californiae str. ATCC 33799,662475
Haloarcula hispanica,51589
ATCC 33960,51589
CGMCC 1.2049,51589
culture-collection:VKM:B:1755,51589
DSM 4426,51589
Haloarcula hispanica Juez et al. 1986,51589
JCM 8911,51589
NBRC 102182,51589
VKM B-1755,51589
Haloarcula hispanica N601,1417673
Haloarcula japonica,29282
ATCC 49778,29282
culture-collection:VKM:B:2009,29282
DSM 6131,29282
Haloarcula japonica Takashina et al. 1991,29282
JCM 7785,29282
NBRC 101032,29282
strain TR-1,29282
VKM B-2009,29282
Haloarcula japonica DSM 6131,1227453
Haloarcula marismortui,2238
ATCC 43049,2238
CGMCC 1.1784,2238
culture-collection:VKM:B:1809,2238
DSM 3752,2238
Flavobacterium (Halobacterium) maris-mortui,2238
Haloarcula marismortui (ex Elazari-Volcani 1940) Oren et al. 1990,2238
"""Halobacterium marismortui"" Elazari-Volcani 1957",2238
Halobacterium marismortui,2238
JCM 8966,2238
VKM B-1809,2238
Haloarcula marismortui ATCC 43049,272569
Haloarcula marismortui strain ATCC 43049,272569
Haloarcula marismortui str. ATCC 43049,272569
Haloarcula quadrata,182779
ATCC 700850,182779
DSM 11927,182779
Haloarcula quadrata Oren et al. 1999,182779
JCM 11048,182779
strain 801030/1,182779
Haloarcula sinaiiensis,35742
ATCC 33800,35742
"""Haloarcula sinaiiensis"" Javor et al. 1982",35742
strain BJSG-2,35742
Haloarcula sinaiiensis ATCC 33800,662476
Haloarcula sinaiiensis JCM 8862,662476
Haloarcula sinaiiensis strain ATCC 33800,662476
Haloarcula sinaiiensis str. ATCC 33800,662476
Haloarcula sp. ATCC 33800,662476
Haloarcula sp. AS7094,262078
Haloarcula sp. D1,242927
Haloarcula vallismortis,28442
ATCC 29715,28442
CGMCC 1.2048,28442
culture-collection:VKM:B:1791,28442
DSM 3756,28442
Haloarcula vallismortis (Gonzlez et al. 1979) Torreblanca et al. 1986,28442
Halobacterium vallismortis Gonzlez et al. 1979 (Approved Lists 1980),28442
Halobacterium vallismortis,28442
IFO 14741,28442
JCM 8877,28442
NBRC 14741,28442
strain J. F. 54,28442
VKM B-1791,28442
Haloarcula vallismortis ATCC 29715,662477
Haloarcula vallismortis strain ATCC 29715,662477
Haloarcula vallismortis str. ATCC 29715,662477
Halobacterium salinarum,33005
Halobacterium halobium (strain Shark),33005
Halobacterium salinarum (strain Shark),33005
Halobacterium sp. AS7092,245739
Halobacterium sp. NRC-1,64091
Halobacterium halobium NRC-1,64091
Halobacterium salinarum NRC-1,64091
Halobacterium salinarum strain NRC-1,64091
Halobacterium salinarum str. NRC-1,64091
Halobacterium sp. ATCC 700922,64091
Halobacterium sp. JCM 11081,64091
Halobacterium sp. (strain NRC-1 / ATCC 700922 / JCM 11081),64091
Halobacterium sp. (strain NRC-1),64091
Halobiforma lacisalsi,229731
CGMCC 1.3738,229731
Halobiforma lacisalsi Xu et al. 2005,229731
Halobiforma salilacus,229731
Halobiforma xinjiangense,229731
JCM 12983,229731
Natronococcus altunensis,229731
strain AJ5,229731
Halobiforma lacisalsi AJ5,358396
Halobiforma lacisalsi strain AJ5,358396
Halobiforma lacisalsi str. AJ5,358396
Haloferax denitrificans,35745
ATCC 35960,35745
culture-collection:VKM:B:1754,35745
DSM 4425,35745
Halobacterium denitrificans,35745
Halobacterium denitrificans Tomlinson et al. 1986,35745
Haloferax denitrificans (Tomlinson et al. 1986) Tindall et al. 1989,35745
JCM 8864,35745
VKM B-1754,35745
Haloferax denitrificans ATCC 35960,662478
Haloferax denitrificans DSM 4425,662478
Haloferax denitrificans JCM 8864,662478
Haloferax denitrificans strain ATCC 35960,662478
Haloferax denitrificans str. ATCC 35960,662478
Haloferax lucentense,2254
CCM 7023,2254
CECT 5871,2254
CIP 107410,2254
DSM 14919,2254
"""Haloferax alicantei"" Holmes et al. 1997",2254
Haloferax alicantei,2254
Haloferax lucentense corrig. Gutierrez et al. 2004,2254
"""Haloferax lucentensis"" Gutierrez et al. 2002",2254
Haloferax lucentensis,2254
Haloferax phenon K,2254
JCM 9276,2254
NCIMB 13854,2254
strain Aa 2.2,2254
Haloferax lucentense Aa 2.2,1230452
Haloferax lucentense DSM 14919,1230452
Haloferax sp. AA-2.2,1230452
Haloferax sp. JCM 9276,1230452
Haloferax sp. (strain AA 2.2),1230452
Haloferax mediterranei,2252
ATCC 33500,2252
CCM 3361,2252
CGMCC 1.2087,2252
CGMCC 1.2143,2252
CGMCC 1.2630,2252
culture-collection:VKM:B:1748,2252
DSM 1411,2252
Halobacterium mediterranei Rodriguez-Valera et al. 1983,2252
Halobacterium mediterranei,2252
Haloferax mediterranei (Rodriguez-Valera et al. 1983) Torreblanca et al. 1987,2252
IFO 14739,2252
JCM 8866,2252
NBRC 14739,2252
strain R-4,2252
VKM B-1748,2252
Haloferax mediterranei ATCC 33500,523841
Haloferax mediterranei CGMCC 1.2087,523841
Haloferax mediterranei DSM 1411,523841
Haloferax mediterranei JCM 8866,523841
Haloferax mediterranei R-4,523841
Haloferax mediterranei strain ATCC 33500,523841
Haloferax mediterranei str. ATCC 33500,523841
Haloferax mediterranei VKM B-1748,523841
Haloferax sp. D1227,78509
Haloferax volcanii,2246
ATCC 29605,2246
culture-collection:VKM:B:1768,2246
DSM 3757,2246
Halobacterium volcanii Mullakhanbhai and Larsen 1975 (Approved Lists 1980),2246
Halobacterium volcanii Mullakhanbhai and Larson (sic) 1975,2246
Halobacterium volcanii,2246
Haloferax sp. BRTH2,2246
Haloferax volcanii (Mullakhanbhai and Larsen 1975) Torreblanca et al. 1986,2246
IFO 14742,2246
JCM 8879,2246
NBRC 14742,2246
NCCB 85050,2246
NCIMB 2012,2246
strain DS2,2246
VKM B-1768,2246
Haloferax volcanii ATCC 29605,309800
Haloferax volcanii DS2,309800
Haloferax volcanii DSM 3757,309800
Haloferax volcanii strain DS2,309800
Haloferax volcanii str. DS2,309800
Haloquadratum walsbyi DSM 16790,362976
Haloquadratum walsbyi strain DSM 16790,362976
Haloquadratum walsbyi str. DSM 16790,362976
Halorubrum saccharovorum,2248
ATCC 29252,2248
CIP 105329,2248
culture-collection:VKM:B:1747,2248
DSM 1137,2248
Halobacterium saccharovorum,2248
Halobacterium saccharovorum Tomlinson and Hochstein 1977 (Approved Lists 1980),2248
Halorubrobacterium saccharovorum,2248
Halorubrobacterium saccharovorum (Tomlinson and Hochstein 1977) Kamekura and Dyall-Smith 1996,2248
Halorubrum saccharovorum (Tomlinson and Hochstein 1977) McGenity and Grant 1996,2248
IFO 14717,2248
JCM 8865,2248
NBRC 14717,2248
NCIMB 2081,2248
VKM B-1747,2248
Halorubrum saccharovorum DSM 1137,1227484
Halorubrum sodomense,35743
ATCC 33755,35743
CIP 105330,35743
culture-collection:VKM:B:1771,35743
DSM 3755,35743
Halobacterium sodomense Oren 1983,35743
Halobacterium sodomense,35743
Halobacterium sodomitanum,35743
Halobacterium sodomiticum,35743
Halorubrobacterium sodomense (Oren 1983) Kamekura and Dyall-Smith 1996,35743
Halorubrobacterium sodomense,35743
Halorubrum sodomense (Oren 1983) McGenity and Grant 1996,35743
IFO 14740,35743
JCM 8880,35743
NBRC 14740,35743
NCIMB 2197,35743
strain RD-26,35743
VKM B-1771,35743
Halorubrum sp. E4,321886
Halorubrum xinjiangense,261291
AS 1.3527,261291
Halorubrum xinjiangense Feng et al. 2004,261291
JCM 12388,261291
strain BD-1,261291
Haloterrigena sp. arg-4,160432
Halobacterium sp. arg-4,160432
Halobacterium sp. (strain arg-4),160432
Haloterrigena thermotolerans,121872
ATCC 700275,121872
DSM 11552,121872
Haloterrigena thermotolerans Montalvo-Rodrguez et al. 2000,121872
JCM 11050,121872
Natrinema thermotolerans,121872
NBRC 102635,121872
strain PR5,121872
Haloterrigena thermotolerans DSM 11552,1227489
Hyperthermus butylicus DSM 5456,415426
Hyperthermus butylicus strain DSM 5456,415426
Hyperthermus butylicus str. DSM 5456,415426
Metallosphaera hakonensis,79601
ATCC 51241,79601
DSM 7519,79601
IAM 14250,79601
JCM 8857,79601
Metallosphaera hakonensis (Takayanagi et al. 1996) Kurosawa et al. 2003,79601
strain HO1-1,79601
Sulfolobus hakonensis,79601
Sulfolobus hakonensis Takayanagi et al. 1996,79601
Metallosphaera hakonensis DSM 7519 = JCM 8857,1293036
Metallosphaera hakonensis DSM 7519,1293036
Metallosphaera hakonensis HO1-1,1293036
Metallosphaera hakonensis JCM 8857 = DSM 7519,1293036
Metallosphaera hakonensis JCM 8857,1293036
Metallosphaera sedula,43687
ATCC 51363,43687
DSM 5348,43687
IFO 15509,43687
JCM 9185,43687
Metallosphaera sedula Huber et al. 1989,43687
Metallosphaera sp. TA-2,43687
NBRC 15509,43687
strain TH2,43687
Sulfolobus sp. IFO 15160,43687
Metallosphaera sedula DSM 5348,399549
Metallosphaera sedula IFO 15509,399549
Metallosphaera sedula JCM 9185,399549
Metallosphaera sedula NBRC 15509,399549
Metallosphaera sedula strain DSM 5348,399549
Metallosphaera sedula str. DSM 5348,399549
Methanobrevibacter arboriphilus,39441
ATCC 33747,39441
DSM 1125,39441
JCM 13429,39441
Methanobacterium arbophilicum,39441
Methanobacterium arbophilicum Zeikus and Henning 1975 (Approved Lists 1980),39441
Methanobrevibacter arboriphilicus corrig. (Zeikus and Henning 1975) Balch and Wolfe 1981,39441
Methanobrevibacter arboriphilicus,39441
OCM 147,39441
strain DH-1,39441
strain DH1,39441
Methanobrevibacter arboriphilus ANOR1,1401244
Methanobrevibacter smithii,2173
ATCC 35061,2173
DSM 861,2173
Methanobrevibacter smithii Balch and Wolfe 1981,2173
OCM 144,2173
strain PS,2173
Methanobrevibacter smithii TS96C,911135
Methanobrevibacter smithii ATCC 35061,420247
Methanobrevibacter smithii DSM 861,420247
Methanobrevibacter smithii PS,420247
Methanobrevibacter smithii strain ATCC 35061,420247
Methanobrevibacter smithii str. ATCC 35061,420247
Methanocaldococcus jannaschii,2190
ATCC 43067,2190
CIP 104961,2190
DSM 2661,2190
JCM 10045,2190
Methanocaldococcus jannaschii (Jones et al. 1984) Whitman 2002,2190
Methanococcus jannaschii Jones et al. 1984,2190
Methanococcus jannaschii,2190
NBRC 100440,2190
OCM 168,2190
strain JAL-1,2190
Methanocaldococcus jannaschii DSM 2661,243232
Methanocaldococcus jannaschii str. DSM 2661,243232
Methanococcus jannaschii DSM 2661,243232
Methanococcoides burtonii,29291
DSM 6242,29291
Methanococcoides burtonii Franzmann et al. 1993,29291
OCM 468,29291
Methanococcoides burtonii DSM 6242,259564
Methanococcoides burtonii str. DSM 6242,259564
Methanococcoides methylutens,2226
ATCC 33938,2226
DSM 2657,2226
Methanococcoides methylutens Sowers and Ferry 1985,2226
OCM 158,2226
strain TMA-10,2226
Methanococcoides methylutens MM1,1434104
Methanococcus aeolicus Nankai-3,419665
Methanococcus aeolicus strain Nankai-3,419665
Methanococcus aeolicus str. Nankai-3,419665
Methanococcus maripaludis,39152
ATCC 35294 [[Methanococcus deltae Corder et al. 1988]],39152
ATCC 43000,39152
DSM 2067,39152
DSM 2771 [[Methanococcus deltae Corder et al. 1988]],39152
JCM 10722,39152
Methanococcus deltae Corder et al. 1988,39152
Methanococcus deltae,39152
Methanococcus maripaludis Jones et al. 1984,39152
NBRC 101831,39152
OCM 151 [[Methanococcus deltae Corder et al. 1988]],39152
OCM 175,39152
strain JJ,39152
strain RC [[Methanococcus deltae Corder et al. 1988]],39152
Methanococcus maripaludis strain X1,1053692
Methanococcus maripaludis str. X1,1053692
Methanococcus maripaludis X1,1053692
Methanococcus maripaludis C5,402880
Methanococcus maripaludis strain C5,402880
Methanococcus maripaludis str. C5,402880
Methanococcus maripaludis C7,426368
Methanococcus maripaludis strain C7,426368
Methanococcus maripaludis str. C7,426368
Methanococcus maripaludis S2,267377
Methanococcus maripaludis LL,267377
Methanococcus maripaludis strain S2,267377
Methanococcus maripaludis str. S2,267377
Methanococcus vannielii,2187
ATCC 35089,2187
DSM 1224,2187
JCM 13029,2187
Methanococcus vannielii Stadtman and Barker 1951,2187
OCM 148,2187
strain SB,2187
Methanococcus vannielii SB,406327
Methanococcus vannielii strain SB,406327
Methanococcus vannielii str. SB,406327
Methanococcus voltae,2188
ATCC 33273,2188
DSM 1537,2188
Methanococcus voltae Balch et al. 1981 emend. Ward et al. 1989,2188
Methanococcus voltaei,2188
NBRC 100457,2188
OCM 70,2188
OGC 70,2188
Methanococcus voltae ATCC 33273,523842
Methanococcus voltae DSM 1537,523842
Methanococcus voltae NBRC 100457,523842
Methanococcus voltae PS,523842
Methanococcus voltae strain PS,523842
Methanococcus voltae str. PS,523842
Methanocorpusculum labreanum Z,410358
Methanocorpusculum labreanum strain Z,410358
Methanocorpusculum labreanum str. Z,410358
Methanoculleus marisnigri JR1,368407
Methanoculleus marisnigri strain JR1,368407
Methanoculleus marisnigri str. JR1,368407
Methanohalophilus mahii,2176
ATCC 35705,2176
DSM 5219,2176
Methanihalophilus mahii,2176
Methanohalophilus mahii Paterek and Smith 1988,2176
OCM 68,2176
strain SLP,2176
Methanohalophilus mahii DSM 5219,547558
Methanohalophilus mahii strain DSM 5219,547558
Methanohalophilus mahii str. DSM 5219,547558
Methanohalophilus portucalensis,39664
DSM 7471,39664
Methanihalophilus portucalensis,39664
Methanohalophilus portucalensis Boone et al. 1993,39664
Methanophilus sp.,39664
OCM 59,39664
strain 59,39664
strain FDF-1,39664
Methanohalophilus portucalensis DSM 7471,523843
Methanohalophilus portucalensis FDF-1,523843
Methanohalophilus portucalensis strain FDF-1,523843
Methanohalophilus portucalensis str. FDF-1,523843
Methanolobus tindarius,2221
ATCC 35996,2221
DSM 2278,2221
Methanolobus tindarius Konig and Stetter 1983,2221
OCM 150,2221
strain T3,2221
strain Tindari 3,2221
Methanolobus tindarius DSM 2278,1090322
Methanolobus tindarius strain DSM 2278,1090322
Methanolobus tindarius str. DSM 2278,1090322
Methanopyrus kandleri,2320
DSM 6324,2320
JCM 9639,2320
Methanopyrus kandleri Kurr et al. 1992,2320
NBRC 100938,2320
strain AV19,2320
Methanopyrus kandleri AV19,190192
Methanopyrus kandleri str. AV19,190192
Methanosaeta thermophila PT,349307
Methanothrix thermoacetophila PT,349307
Methanothrix thermophila DSM 6194,349307
Methanothrix thermophila PT,349307
Methanosarcina acetivorans,2214
ATCC 35395,2214
DSM 2834,2214
JCM 12185,2214
Methanosarcina acetivorans Sowers et al. 1986,2214
NBRC 100939,2214
OCM 95,2214
strain C2A,2214
Methanosarcina acetivorans C2A,188937
Methanosarcina acetivorans str. C2A,188937
Methanosarcina barkeri,2208
ATCC 43569,2208
culture-collection:VKM:B:1635,2208
DSM 800,2208
JCM 10043,2208
"""Methanosarcina barkerii"" (sic) Schnellen 1947",2208
Methanosarcina barkerii,2208
Methanosarcina barkeri Schnellen 1947 (Approved Lists 1980) emend. Bryant and Boone 1987,2208
Methanosarcina barkeri Schnellen 1947 (Approved Lists 1980) emend. Maestrojun et al. 1992,2208
NBRC 100474,2208
OCM 38,2208
"""Sarcina barkeri"" Breed and Smit 1957",2208
Sarcina barkeri,2208
strain MS,2208
VKM B-1635,2208
Methanosarcina barkeri str. Wiesmoor,1434109
Methanosarcina barkeri str. Fusaro,269797
Methanosarcina barkeri DSM 804,269797
Methanosarcina barkeri 'Fusaro',269797
Methanosarcina barkeri strain Fusaro,269797
Methanosarcina mazei,2209
ATCC 43340 [[Methanococcus frisius Blotevogel et al. 1986]],2209
culture-collection:VKM:B:1636,2209
DSM 2053,2209
DSM 3318 [[Methanococcus frisius Blotevogel et al. 1986]],2209
Methanococcus frisius Blotevogel et al. 1986,2209
Methanococcus frisius,2209
Methanococcus mazei,2209
Methanosarcina frisia (Blotevogel et al. 1986) Blotevogel and Fischer 1989,2209
Methanosarcina frisia,2209
Methanosarcina frisius,2209
Methanosarcina mazei (Barker 1936) Mah and Kuhn 1986,2209
Methanosarcina mazeii,2209
Methanosarcina sp. MT,2209
OCM 26,2209
strain C 16 [[Methanococcus frisius Blotevogel et al. 1986]],2209
strain C16 [[Methanococcus frisius Blotevogel et al. 1986]],2209
strain S-6,2209
VKM B-1636,2209
Methanosarcina mazei WWM610,1434117
Methanosarcina mazei Go1,192952
Methanosarcina mazei strain Go1,192952
Methanosarcina mazei str. Go1,192952
Methanosarcina thermophila,2210
DSM 1825,2210
Methanosarcina thermophila Zinder et al. 1985,2210
OCM 12,2210
strain TM-1,2210
Methanosarcina thermophila MST-A1,1434122
Methanosphaera stadtmanae DSM 3091,339860
Methanosphaera stadtmanae ATCC 43021,339860
Methanosphaera stadtmanae MCB-3,339860
Methanosphaera stadtmanae strain DSM 3091,339860
Methanosphaera stadtmanae str. DSM 3091,339860
Methanospirillum hungatei JF-1,323259
Methanospirillum hungatei DSM 864,323259
Methanospirillum hungatei NBRC 100397,323259
Methanospirillum hungatei strain JF-1,323259
Methanospirillum hungatei str. JF-1,323259
Methanothermobacter thermautotrophicus,145262
ATCC 29096,145262
DSM 1053,145262
JCM 10044,145262
Methanobacterium thermalcaliphilum corrig. Blotevogel et al. 1988,145262
Methanobacterium thermalcaliphilum,145262
Methanobacterium thermautotrophicum corrig. Zeikus and Wolfe 1972 (Approved Lists 1980) emend Touzel et al. 1992,145262
Methanobacterium thermautotrophicum,145262
Methanobacterium thermoalcaliphilum,145262
Methanobacterium thermoautotrophicum,145262
"""Methanobacterium thermoautotrophicus"" (sic) Zeikus and Wolfe 1972",145262
Methanobacterium thermoformicicum,145262
Methanobacterium thermoformicicum Zhilina and Ilarionov 1986,145262
Methanothermobacter thermautotrophicus (Zeikus and Wolfe 1972) Wasserfallen et al. 2000,145262
NBRC 100330,145262
OCM 143,145262
strain Delta H,145262
VKM B-1908,145262
Methanobacterium thermoautotrophicum str. Delta H,187420
Methanobacterium thermoautotrophicum str. deltaH,187420
Methanothermobacter thermautotrophicus str. deltaH,187420
Methanothermobacter thermautotrophicus str. Delta H,187420
Methanothermobacter wolfeii,145261
ATCC 43096,145261
culture-collection:VKM:B:1829,145261
DSM 2970,145261
JCM 14652,145261
Methanobacterium wolfeii,145261
Methanobacterium wolfei,145261
Methanobacterium wolfei Winter et al. 1985,145261
Methanothermobacter wolfeii corrig. (Winter et al. 1985) Wasserfallen et al. 2000,145261
Methanothermobacter wolfei,145261
NBRC 100332,145261
OCM 154,145261
VKM B-1829,145261
Methanothermococcus thermolithotrophicus,2186
ATCC 35097,2186
DSM 2095,2186
JCM 10549,2186
Methanococcus thermolithotrophicus Huber et al. 1984,2186
Methanococcus thermolithotrophicus,2186
Methanothermococcus thermolithotrophicus (Huber et al.) Whitman 2002,2186
OCM 138,2186
strain SN-1,2186
Methanothermococcus thermolithotrophicus ATCC 35097,523845
Methanothermococcus thermolithotrophicus DSM 2095,523845
Methanothermococcus thermolithotrophicus JCM 10549,523845
Methanothermococcus thermolithotrophicus SN-1,523845
Methanothermococcus thermolithotrophicus strain DSM 2095,523845
Methanothermococcus thermolithotrophicus str. DSM 2095,523845
Methanothermus fervidus,2180
ATCC 43054,2180
DSM 2088,2180
JCM 10308,2180
Methanothermus fervidus Stetter et al. 1982,2180
Methanothermus fervidus ATCC 43054,523846
Methanothermus fervidus DSM 2088,523846
Methanothermus fervidus strain DSM 2088,523846
Methanothermus fervidus str. DSM 2088,523846
Methanothermus fervidus V24S,523846
Methanotorris igneus,2189
DSM 5666,2189
JCM 11834,2189
Methanococcus igneus Burggraf et al. 1990,2189
Methanococcus igneus,2189
Methanotorris igneus (Burggraf et al. 1990) Whitman 2002,2189
strain Kol 5,2189
Methanotorris igneus DSM 5666,880724
Methanotorris igneus JCM 11834,880724
Methanotorris igneus Kol 5,880724
Methanotorris igneus strain Kol 5,880724
Methanotorris igneus str. Kol 5,880724
Nanoarchaeum equitans Kin4-M,228908
Microarchaeum sp. Kin4-M,228908
Nanoarchaeum equitans str. Kin4-M,228908
Natrialba asiatica,64602
ATCC 700177,64602
CIP 105332,64602
DSM 12278,64602
JCM 9576,64602
Natrialba asiatica Kamekura and Dyall-Smith 1996 emend. Hezayen et al. 2001,64602
NBRC 102637,64602
strain 172P1,64602
halophilic archaebacterium 172P1,29540
halophilic archaeon 172P1,29540
halophilic bacteria (strain 172P1),29540
halophilic bacteria strain 172P1,29540
halophilic bacterium (strain 172P1),29540
Natrialba asiatica 172P1,29540
Natrialba asiatica DSM 12278,29540
Natrialba magadii,13769
ATCC 43099,13769
CIP 104546,13769
DSM 3394,13769
JCM 8861,13769
Natrialba magadii (Tindall et al. 1984) Kamekura et al. 1997,13769
Natronobacterium magadii,13769
Natronobacterium magadii Tindall et al. 1984,13769
NBRC 102185,13769
NCIMB 2190,13769
NCMB 2190,13769
strain MS3,13769
Natrialba magadii ATCC 43099,547559
Natrialba magadii DSM 3394,547559
Natrialba magadii MS3,547559
Natrialba magadii NCIMB 2190,547559
Natrialba magadii strain ATCC 43099,547559
Natrialba magadii str. ATCC 43099,547559
Natrinema sp. CX2021,290611
Natrinema sp. J7,406552
Natrinema sp. J7-2,406552
Natronobacterium sp. AS-7091,198929
Natronococcus amylolyticus,44470
ATCC 51971,44470
CIP 105333,44470
DSM 10524,44470
JCM 9655,44470
Natronococcus amylolyticus Kanai et al. 1995,44470
strain Ah-36,44470
Natronococcus amylolyticus DSM 10524,1227497
Natronomonas pharaonis DSM 2160,348780
Natronomonas pharaonis ATCC 35678,348780
Natronomonas pharaonis Gabara,348780
Natronomonas pharaonis JCM 8858,348780
Natronomonas pharaonis strain DSM 2160,348780
Natronomonas pharaonis str. DSM 2160,348780
Palaeococcus ferrophilus,83868
ATCC BAA-128,83868
culture-collection:ATCC:BAA:128,83868
DSM 13482,83868
JCM 10417,83868
Palaeococcus ferrophilus Takai et al. 2000,83868
strain DMJ,83868
Palaeococcus ferrophilus DMJ,588319
Palaeococcus ferrophilus DSM 13482,588319
Palaeococcus ferrophilus strain DSM 13482,588319
Palaeococcus ferrophilus str. DSM 13482,588319
Picrophilus torridus DSM 9790,263820
Picrophilus torridus DSM9790,263820
Picrophilus torridus strain DSM 9790,263820
Picrophilus torridus str. DSM 9790,263820
Pyrobaculum aerophilum,13773
ATCC 51768,13773
CIP 104966,13773
DSM 7523,13773
JCM 9630,13773
NBRC 100827,13773
Pyrobaculum aerophilum Volkl et al. 1996,13773
strain IM2,13773
Pyrobaculum aerophilum IM2,178306
Pyrobaculum aerophilum strain IM2,178306
Pyrobaculum aerophilum str. IM2,178306
Pyrobaculum arsenaticum DSM 13514,340102
Pyrobaculum arsenaticum strain DSM 13514,340102
Pyrobaculum arsenaticum str. DSM 13514,340102
Pyrobaculum calidifontis JCM 11548,410359
Pyrobaculum calidifontis strain JCM 11548,410359
Pyrobaculum calidifontis str. JCM 11548,410359
Pyrobaculum calidifontis VA1,410359
Pyrobaculum islandicum,2277
DSM 4184,2277
JCM 9189,2277
Pyrobaculum islandicum Huber et al. 1988,2277
strain GEO3,2277
Pyrobaculum islandicum DSM 4184,384616
Pyrobaculum islandicum strain DSM 4184,384616
Pyrobaculum islandicum str. DSM 4184,384616
Pyrobaculum oguniense,99007
DSM 13380,99007
JCM 10595,99007
Pyrobaculum oguniense Sako et al. 2001,99007
strain TE7,99007
Pyrobaculum oguniense JCM 10595,698757
Pyrobaculum oguniense strain TE7,698757
Pyrobaculum oguniense str. TE7,698757
Pyrobaculum oguniense TE7,698757
Pyrobaculum sp. M0H,278049
Pyrobaculum sp. M1T,278051
Pyrococcus abyssi,29292
CNCM I-1302,29292
"""Pyrococcus abyssi"" Erauso et al. 1993",29292
strain GE5,29292
strain Orsay,29292
Pyrococcus abyssi GE5,272844
Pyrococcus abyssi strain GE5,272844
Pyrococcus abyssi str. GE5,272844
Pyrococcus abyssi str. Orsay,272844
Pyrococcus furiosus,2261
ATCC 43587,2261
DSM 3638,2261
JCM 8422,2261
Pyrococcus furiosus Fiala and Stetter 1986,2261
strain Vc 1,2261
Pyrococcus furiosus COM1,1185654
Pyrococcus furiosus strain COM1,1185654
Pyrococcus furiosus str. COM1,1185654
Pyrococcus furiosus DSM 3638,186497
Pyrococcus furiosus strain DSM 3638,186497
Pyrococcus furiosus str. DSM 3638,186497
Pyrococcus glycovorans,74610
CNCM I-2120,74610
Pyrococcus glycovorans Barbier et al. 1999,74610
Pyrococcus sp. AL585,74610
strain AL585,74610
Pyrococcus horikoshii,53953
ATCC 700860,53953
DSM 12428,53953
JCM 9974,53953
NBRC 100139,53953
Pyrococcus horikoshii Gonzlez et al. 1999,53953
'Pyrococcus shinkaii',53953
Pyrococcus shinkaii,53953
strain JA-1,53953
strain OT3,53953
Pyrococcus horikoshii OT-3,70601
Pyrococcus horikoshii OT3,70601
Pyrococcus horikoshii str. OT3,70601
Pyrococcus shinkaii OT3,70601
Pyrococcus sp. OT3,70601
Pyrococcus sp.,69015
Pyrococcus sp. ST700,69015
Pyrococcus sp. (strain ST700),69015
Pyrococcus sp. GI-H,83521
Pyrococcus sp. JT1,165215
Pyrococcus sp. V211,326899
Pyrococcus sp. V212,326900
Pyrococcus sp. V222,326902
Pyrococcus sp. V231,326903
Pyrococcus sp. V232,326904
Pyrococcus sp. VB93,326896
Pyrococcus woesei,2262
ATCC 49860,2262
DSM 3773,2262
JCM 8421,2262
"""Pyrococcus furiosus subsp. woesei"" Kanoksilapatham et al. 2004",2262
Pyrococcus furiosus subsp. woesei,2262
Pyrococcus woesei Zillig et al. 1988,2262
Pyrodictium occultum,2309
DSM 2709,2309
JCM 9393,2309
NBRC 100438,2309
Pyrodictium occultum Stetter et al. 1984,2309
strain PL-19,2309
Staphylothermus marinus,2280
ATCC 43588,2280
DSM 3639,2280
JCM 9404,2280
Staphylothermus marinus Stetter and Fiala 1986,2280
strain F1,2280
Staphylothermus marinus ATCC 43588,399550
Staphylothermus marinus DSM 3639,399550
Staphylothermus marinus F1,399550
Staphylothermus marinus JCM 9404,399550
Staphylothermus marinus strain F1,399550
Staphylothermus marinus str. F1,399550
Stygiolobus azoricus,41675
DSM 6296,41675
JCM 9021,41675
strain FC6,41675
Stygiolobus azoricus Segerer et al. 1991,41675
Stygiolobus azoricus DSM 6296,1313299
Sulfolobus acidocaldarius,2285
ATCC 33909,2285
DSM 639,2285
IFO 15157,2285
JCM 8929,2285
NBRC 15157,2285
Sulfolobus acidocaldarius Brock et al. 1972,2285
Sulfolobus acidocaldarius SUSAZ,1435377
Sulfolobus acidocaldarius DSM 639,330779
Sulfolobus acidocaldarius ATCC 33909,330779
Sulfolobus acidocaldarius NCIB 11770,330779
Sulfolobus islandicus,43080
"""Sulfolobus islandicus"" Zillig et al. 1994",43080
Sulfolobus islandicus LAL14/1,1241935
Sulfolobus metallicus,47303
DSM 6482,47303
IFO 15436,47303
JCM 9184,47303
NBRC 15436,47303
strain Kra 23,47303
Sulfolobus metallicus Huber and Stetter 1992,47303
Sulfuracidifex metallicus (Huber and Stetter 1992) Itoh et al.,47303
Sulfuracidifex metallicus,47303
Sulfolobus metallicus DSM 6482,523847
Sulfolobus metallicus DSM 6482 = JCM 9184,523847
Sulfolobus metallicus JCM 9184 = DSM 6482,523847
Sulfolobus metallicus JCM 9184,523847
Sulfuracidifex metallicus DSM 6482 = JCM 9184,523847
Sulfolobus neozealandicus,299422
"""Sulfolobus neozealandicus"" Arnold et al. 2000",299422
Sulfolobus shibatae,2286
ATCC 51178,2286
DSM 5389,2286
IFO 15437,2286
JCM 8931,2286
NBRC 15437,2286
Saccharolobus shibatae (Grogan et al. 1991) Sakai and Kurosawa 2018,2286
Saccharolobus shibatae,2286
strain B12,2286
Sulfolobus shibatae Grogan et al. 1991,2286
Saccharolobus shibatae B12,523848
Sulfolobus shibatae ATCC 35091,523848
Sulfolobus shibatae B12,523848
Sulfolobus shibatae DSM 5389,523848
Sulfolobus shibatae JCM 8931,523848
Sulfolobus solfataricus,2287
ATCC 35091,2287
DSM 1616,2287
IFO 15331,2287
JCM 8930,2287
NBRC 15331,2287
Saccharolobus solfataricus,2287
Saccharolobus solfataricus (Zillig et al. 1980) Sakai and Kurosawa 2018,2287
strain P1,2287
Sulfolobus solfataricus Zillig et al. 1980,2287
Saccharolobus solfataricus 98/2,555311
Sulfolobus solfataricus 98/2,555311
Sulfolobus solfataricus P2,273057
Saccharolobus solfataricus P2,273057
Sulfolobus sp. G81,388347
Sulfolobus sp. K00 8-41,303358
Sulfolobus sp. L00 11,303364
Sulfolobus sp. L00 24,303362
Sulfolobus sp. M02,388345
Sulfolobus sp. NO82,388346
Sulfolobus sp. NOB8H2,84600
Sulfolobus sp. Sko-3,388343
Sulfolobus sp. Ta,388344
Sulfolobus sp. Tu A,388341
Sulfolobus sp. Tu B-1,388342
Sulfolobus sp. Y00 58-82,303360
Sulfolobus sp. Y01 90#-18,303359
Sulfolobus sp. Y99 9-16,303361
Sulfolobus sp. Y99 9-23,303363
Sulfolobus tengchongensis,207809
strain RT8-4,207809
Sulfolobus sp. RT8-4,207809
"""Sulfolobus tengchongensis"" Xiang et al. 2003",207809
Sulfolobus tokodaii,111955
DSM 16993,111955
JCM 10545,111955
NBRC 100140,111955
Sulfolobus tokodaii Suzuki et al. 2002,111955
Sulfurisphaera tokodaii,111955
Sulfurisphaera tokodaii (Suzuki et al. 2002) Tsuboi et al. 2018,111955
Sulfolobus sp. 7,273063
Sulfolobus sp. (strain 7),273063
Sulfolobus tokodaii str. 7,273063
Sulfurisphaera tokodaii str. 7,273063
Sulfurisphaera tokodaii strain 7,273063
Sulfophobococcus zilligii,53426
DSM 11193,53426
JCM 10309,53426
Sulfophobococcus zilligii Hensel et al. 1997,53426
Sulfurisphaera ohwakuensis,69656
DSM 12421,69656
IFO 15161,69656
JCM 9065,69656
NBRC 15161,69656
strain TA-1,69656
Sulfurisphaera ohwakuensis Kurosawa et al. 1998,69656
Thermococcus aggregans,110163
DSM 10597,110163
DSM 12819,110163
JCM 10137,110163
strain TY,110163
Thermococcus aggregans Canganella et al. 1998,110163
Thermococcus sp. (strain TY),110163
Thermococcus sp. TY,110163
Thermococcus fumicolans,46540
CIP 104690,46540
DSM 12820,46540
JCM 10128,46540
strain ST557,46540
Thermococcus fumicolans Godfroy et al. 1996,46540
Thermococcus hydrothermalis,46539
CNCMI 1319,46539
strain AL662,46539
Thermococcus hydrothermalis Godfroy et al. 1997,46539
Thermococcus kodakarensis,311400
ATCC BAA-918,311400
culture-collection:ATCC:BAA:918,311400
JCM 12380,311400
Pyrococcus kodadaraensis (sic),311400
Pyrococcus kodakaraensis,311400
strain KOD1,311400
"""Thermococcus kodakaraensis"" Atomi et al. 2004",311400
Thermococcus kodakaraensis,311400
Thermococcus kodakarensis corrig. Atomi et al. 2005,311400
Pyrococcus sp. KOD1,69014
Pyrococcus sp. (strain KOD1),69014
Thermococcus kodakaraensis KOD1,69014
Thermococcus kodakarensis KOD1,69014
Thermococcus kodakarensis strain KOD1,69014
Thermococcus kodakarensis str. KOD1,69014
Thermococcus litoralis,2265
ATCC 51850,2265
'Caldococcus litoralis' Z-1301,2265
Caldococcus litoralis Z-1301,2265
DSM 5473,2265
JCM 8560,2265
strain NS-C,2265
Thermococcus litoralis Neuner et al. 2001,2265
Thermococcus litoralis ATCC 51850,523849
Thermococcus litoralis DSM 5473,523849
Thermococcus litoralis JCM 8560,523849
Thermococcus litoralis NS-C,523849
Thermococcus litoralis strain DSM 5473,523849
Thermococcus litoralis str. DSM 5473,523849
Thermococcus onnurineus,342948
JCM 13517,342948
KCTC 10859,342948
strain NA1,342948
"""Thermococcus onnurineus"" Bae et al. 2006",342948
Thermococcus sp. NA1,342948
Thermococcus onnurineus NA1,523850
Thermococcus onnurineus strain NA1,523850
Thermococcus onnurineus str. NA1,523850
Thermococcus peptonophilus,53952
ATCC 700098,53952
CIP 104782,53952
DSM 10343,53952
JCM 9653,53952
strain OG-1,53952
Thermococcus peptonophilus Gonzlez et al. 1996,53952
Thermococcus peptonophilus ATCC 700098,523851
Thermococcus peptonophilus CIP 104782,523851
Thermococcus peptonophilus DSM 10343,523851
Thermococcus peptonophilus JCM 9653 = OG-1,523851
Thermococcus peptonophilus JCM 9653,523851
Thermococcus peptonophilus OG-1 = JCM 9653,523851
Thermococcus peptonophilus OG-1,523851
Thermococcus peptonophilus strain JCM 9653,523851
Thermococcus peptonophilus str. JCM 9653,523851
Thermococcus profundus,49899
ATCC 51592,49899
CIP 105121,49899
DSM 9503,49899
JCM 9378,49899
strain DT 5432,49899
strain DT5432,49899
Thermococcus profundus Kobayashi et al. 1995,49899
Thermus profundus (sic) Kobayashi et al. 1995,49899
Thermus profundus,49899
Thermococcus sp.,269443
Thermococcus sp. KI,269443
Thermococcus sp. (strain KI),269443
Thermococcus sp. 'AEPII 1a',195101
Thermococcus sp. B1001,91619
Thermococcus sp. GE8,105583
Thermococcus sp. GT,370106
Thermococcus sp. GU5L5,195100
Thermococcus sp. KS-8,79680
Thermococcus sp. (strain KS-8),79680
Thermococcus sp. OGL-20P,277988
ATCC BAA-394,277988
culture-collection:ATCC:BAA:394,277988
DSM 14981,277988
JCM 12859,277988
strain OGL-20P,277988
Thermococcus thioreducens Pikuta et al. 2007,277988
Thermococcus thioreducens,277988
Thermococcus sp. Rt3,65421
Thermococcus sp. TK1,135191
Thermococcus waiotapuensis,90909
DSM 12768,90909
JCM 10985,90909
strain WT1,90909
Thermococcus waiotapuensis Gonzlez et al. 2001,90909
Thermococcus zilligii,54076
ATCC 700529,54076
DSM 2770,54076
JCM 10554,54076
strain AN1,54076
Thermococcus zilligii Ronimus et al. 1999,54076
Thermococcus sp. AN1,1151117
Thermococcus zilligii AN1,1151117
Thermococcus zilligii DSM 2270,1151117
Thermococcus zilligii strain AN1,1151117
Thermococcus zilligii str. AN1,1151117
Thermofilum pendens Hrk 5,368408
Thermofilum pendens strain Hrk 5,368408
Thermofilum pendens str. Hrk 5,368408
Thermoplasma acidophilum,2303
ATCC 25905,2303
DSM 1728,2303
IFO 15155,2303
JCM 9062,2303
NBRC 15155,2303
strain AMRC-C165,2303
"""Thermoplasma acidophila"" (sic) Darland et al. 1970",2303
Thermoplasma acidophila,2303
Thermoplasma acidophilum Darland et al. 1970,2303
Thermoplasma acidophilum DSM 1728,273075
Thermoplasma acidophilum strain DSM 1728,273075
Thermoplasma acidophilum str. DSM 1728,273075
Thermoplasma sp. S01,388348
Thermoplasma sp. S02,388349
Thermoplasma volcanium GSS1,273116
Thermoplasma volcanium strain GSS1,273116
Thermoplasma volcanium str. GSS1,273116
Thermoproteus neutrophilus,70771
DSM 2338,70771
JCM 9278,70771
NBRC 100436,70771
Pyrobaculum neutrophilum,70771
Pyrobaculum neutrophilum (Stetter and Zillig 1989) Chan et al. 2013,70771
strain V24Sta,70771
Thermoproteus neutrophilus Stetter and Zillig 1989,70771
Pyrobaculum neutrophilum JCM 9278,444157
Pyrobaculum neutrophilum strain V24Sta,444157
Pyrobaculum neutrophilum str. V24Sta,444157
Pyrobaculum neutrophilum V24Sta,444157
Thermoproteus neutrophilus V24Sta,444157
Thermoproteus sp. IC-031,278048
Thermoproteus sp. IC-033,70772
Thermoproteus sp. IC-061,70773
Thermoproteus sp. IC-062,278052
Thermoproteus sp. IC-070,278053
Thermoproteus tenax,2271
ATCC 35583,2271
DSM 2078,2271
JCM 9277,2271
NBRC 100435,2271
strain Kra 1,2271
Thermoproteus tenax Zillig and Stetter 1982,2271
Thermoproteus tenax DSM 2078,768679
Thermoproteus tenax JCM 9277,768679
Thermoproteus tenax Kra 1,768679
Thermoproteus tenax strain Kra 1,768679
Thermoproteus tenax str. Kra 1,768679
Thermosphaera aggregans,54254
DSM 11486,54254
strain M11TL,54254
Thermosphaera aggregans Huber et al. 1998,54254
Thermosphaera aggregans DSM 11486,633148
Thermosphaera aggregans M11TL,633148
Thermosphaera aggregans strain DSM 11486,633148
Thermosphaera aggregans str. DSM 11486,633148
Vulcanisaeta distributa,164451
DSM 14429,164451
JCM 11212,164451
NBRC 100878,164451
strain IC-017,164451
Vulcanisaeta distributa Itoh et al. 2002,164451
Vulcanisaeta plures,164451
Vulcanisaeta distributa JCM 11215,1295124
